Phenotype,R2,Predictor,95% CI,Method
Lymphocyte,8.902392207743581e-06,gen_dist,"(-3.2911420010532766e-05, 5.071620442601993e-05)",Linear
Lymphocyte,5.625706964385024e-06,gen_dist,"(-2.7613883738430513e-05, 3.886529766720056e-05)",Discretized
Lymphocyte,3.110408793638442e-05,gen_dist,"(-4.705335046690361e-05, 0.00010926152633967244)",Spline
Lymphocyte,7.645832128178043e-05,townsend,"(-4.607779503915769e-05, 0.00019899443760271855)",Linear
Lymphocyte,0.00016068272874281142,townsend,"(-1.6947976605998665e-05, 0.0003383134340916215)",Discretized
Lymphocyte,0.0009016725325080577,townsend,"(0.0004810457986728804, 0.0013222992663432349)",Spline
Lymphocyte,2.3475490601554405e-05,year_edu,"(-4.4424634839887236e-05, 9.137561604299605e-05)",Linear
Lymphocyte,2.1051132335303535e-05,year_edu,"(-4.3247464445056064e-05, 8.534972911566313e-05)",Discretized
Lymphocyte,8.673444781859274e-05,year_edu,"(-4.377600898871386e-05, 0.00021724490462589935)",Spline
Lymphocyte,0.00017935976783700625,ma_count_low,"(-8.308956243514577e-06, 0.00036702849191752704)",Linear
Lymphocyte,0.00015303698085067374,ma_count_low,"(-2.031679129917515e-05, 0.00032639075300052264)",Discretized
Lymphocyte,0.0005167815686129007,ma_count_low,"(0.0001982814510509974, 0.000835281686174804)",Spline
Lymphocyte,1.995771650897815e-05,ma_count_medium,"(-4.264878367606893e-05, 8.256421669402524e-05)",Linear
Lymphocyte,6.344970025273788e-06,ma_count_medium,"(-2.895560219495106e-05, 4.164554224549864e-05)",Discretized
Lymphocyte,0.0002888282733005676,ma_count_medium,"(5.069205071421375e-05, 0.0005269644958869215)",Spline
Lymphocyte,1.3527264875246026e-05,ma_count_high,"(-3.801581852908578e-05, 6.507034827957784e-05)",Linear
Lymphocyte,6.590989540256054e-06,ma_count_high,"(-2.938744110121697e-05, 4.2569420181729076e-05)",Discretized
Lymphocyte,2.3170550877749108e-05,ma_count_high,"(-4.428714201483479e-05, 9.062824377033301e-05)",Spline
Lymphocyte,8.931894117547579e-05,ma_count_total,"(-4.312153165866921e-05, 0.00022175941400962078)",Linear
Lymphocyte,8.726467962905105e-05,ma_count_total,"(-4.3644058009654796e-05, 0.0002181734172677569)",Discretized
Lymphocyte,0.0003974763175682572,ma_count_total,"(0.00011813341817209193, 0.0006768192169644225)",Spline
Lymphocyte,3.261466130166646e-06,income,"(-2.2047480146397465e-05, 2.8570412406730757e-05)",Linear
Lymphocyte,3.261466130166646e-06,income,"(-2.2047480146397465e-05, 2.8570412406730757e-05)",Discretized
Lymphocyte,0.00011152409108672323,income,"(-3.646457767456454e-05, 0.000259512759848011)",Spline
Monocyte,0.00012263398399381398,gen_dist,"(-3.255008074666378e-05, 0.00027781804873429176)",Linear
Monocyte,0.0001331231187465809,gen_dist,"(-2.8560554884701268e-05, 0.0002948067923778631)",Discretized
Monocyte,0.0011228770023307133,gen_dist,"(0.0006535338751349016, 0.001592220129526525)",Spline
Monocyte,2.232955404146697e-05,townsend,"(-4.389263179585529e-05, 8.855173987878923e-05)",Linear
Monocyte,2.1276770654998778e-05,townsend,"(-4.336549529498233e-05, 8.591903660497989e-05)",Discretized
Monocyte,0.001360782767747648,townsend,"(0.0008441677285565217, 0.0018773978069387743)",Spline
Monocyte,0.000425353193495015,year_edu,"(0.00013638449578561832, 0.0007143218912044117)",Linear
Monocyte,0.0003817216808915669,year_edu,"(0.00010796870819689485, 0.0006554746535862389)",Discretized
Monocyte,0.0007487534012752262,year_edu,"(0.00036542138875339747, 0.001132085413797055)",Spline
Monocyte,1.5042261769626641e-05,ma_count_low,"(-3.931050301273985e-05, 6.939502655199313e-05)",Linear
Monocyte,9.288868834667063e-06,ma_count_low,"(-3.3422917360406415e-05, 5.200065502974054e-05)",Discretized
Monocyte,0.0004483291119894428,ma_count_low,"(0.000151661981641603, 0.0007449962423372826)",Spline
Monocyte,1.8497284880902853e-05,ma_count_medium,"(-4.1775091060025784e-05, 7.876966082183149e-05)",Linear
Monocyte,2.305338823882508e-05,ma_count_medium,"(-4.4233541448123934e-05, 9.034031792577409e-05)",Discretized
Monocyte,0.00013029340627257469,ma_count_medium,"(-2.966286068895564e-05, 0.000290249673234105)",Spline
Monocyte,0.00020479980740006898,ma_count_high,"(4.26552353368159e-06, 0.00040533409126645634)",Linear
Monocyte,0.000342555698307323,ma_count_high,"(8.322165208118237e-05, 0.0006018897445334637)",Discretized
Monocyte,0.0008370299190479935,ma_count_high,"(0.0004317482212239994, 0.0012423116168719876)",Spline
Monocyte,3.152451758736685e-05,ma_count_total,"(-4.71593529007527e-05, 0.0001102083880754864)",Linear
Monocyte,0.00011541590913122235,ma_count_total,"(-3.513247915771966e-05, 0.0002659642974201644)",Discretized
Monocyte,0.0008712259300195369,ma_count_total,"(0.0004577554908724758, 0.001284696369166598)",Spline
Monocyte,9.017537817745946e-05,income,"(-4.2898477318934576e-05, 0.0002232492336738535)",Linear
Monocyte,9.017537817745946e-05,income,"(-4.2898477318934576e-05, 0.0002232492336738535)",Discretized
Monocyte,0.0002229796161579145,income,"(1.3735867124887888e-05, 0.0004322233651909411)",Spline
LDL,2.0373813414131803e-08,gen_dist,"(-1.9965883412935694e-06, 2.037335968121833e-06)",Linear
LDL,3.2197339050465956e-07,gen_dist,"(-7.696127416798038e-06, 8.340074197807357e-06)",Discretized
LDL,0.0004599015138232465,gen_dist,"(0.0001569353542460758, 0.0007628676734004172)",Spline
LDL,0.00042704887504652067,townsend,"(0.00013509944593348834, 0.000718998304159553)",Linear
LDL,0.0004033596676064066,townsend,"(0.00011961989217059078, 0.0006870994430422225)",Discretized
LDL,0.0008536830270589046,townsend,"(0.0004409925372909215, 0.0012663735168268878)",Spline
LDL,0.0021822929996776486,year_edu,"(0.0015229009225510444, 0.0028416850768042527)",Linear
LDL,0.002056776642597735,year_edu,"(0.0014165878394507738, 0.0026969654457446963)",Discretized
LDL,0.003536246823929612,year_edu,"(0.0026974367654700837, 0.0043750568823891405)",Spline
LDL,2.8665238148817274e-05,ma_count_low,"(-4.6988979408948804e-05, 0.00010431945570658335)",Linear
LDL,5.092407038753688e-05,ma_count_low,"(-4.991111199273727e-05, 0.00015175925276781103)",Discretized
LDL,0.0005682004403235741,ma_count_low,"(0.00023146489965441397, 0.0009049359809927343)",Spline
LDL,0.0004891865814861118,ma_count_medium,"(0.00017672789127919905, 0.0008016452716930246)",Linear
LDL,0.0004183567322855186,ma_count_medium,"(0.00012939248730186708, 0.0007073209772691701)",Discretized
LDL,0.0008060387641282141,ma_count_medium,"(0.0004050202198669791, 0.001207057308389449)",Spline
LDL,8.449128322651767e-05,ma_count_high,"(-4.539078533539518e-05, 0.00021437335178843051)",Linear
LDL,4.733002229084793e-05,ma_count_high,"(-4.98819307077022e-05, 0.00014454197528939805)",Discretized
LDL,0.0005424835219698387,ma_count_high,"(0.00021345235613399636, 0.0008715146878056811)",Spline
LDL,0.0004317771731056075,ma_count_total,"(0.0001382166510163338, 0.0007253376951948812)",Linear
LDL,0.00044171388617231244,ma_count_total,"(0.00014479612335242895, 0.0007386316489921959)",Discretized
LDL,0.0009349941067767764,ma_count_total,"(0.000503114296446858, 0.0013668739171066948)",Spline
LDL,0.0026806832956774995,income,"(0.001950046632833359, 0.00341131995852164)",Linear
LDL,0.0026806832956774995,income,"(0.001950046632833359, 0.00341131995852164)",Discretized
LDL,0.00363306871165725,income,"(0.0027828942599529803, 0.00448324316336152)",Spline
WBC,1.7360795978582644e-07,gen_dist,"(-5.661413876132867e-06, 6.00862979570452e-06)",Linear
WBC,3.348887708809478e-06,gen_dist,"(-2.2278673070441005e-05, 2.897644848805996e-05)",Discretized
WBC,0.00022937684551105342,gen_dist,"(1.73051638123647e-05, 0.0004414485272097421)",Spline
WBC,0.0015771293889397242,townsend,"(0.0010214188549298848, 0.0021328399229495637)",Linear
WBC,0.0017895970282881812,townsend,"(0.0011976997030766772, 0.0023814943534996853)",Discretized
WBC,0.0028291944880343145,townsend,"(0.002085364153112486, 0.003573024822956143)",Spline
WBC,0.0002932653550542508,year_edu,"(5.347903881472885e-05, 0.0005330516712937727)",Linear
WBC,0.00028871688709963816,year_edu,"(5.0796807326137074e-05, 0.0005266369668731393)",Discretized
WBC,0.0005397625483507529,year_edu,"(0.00021449417274250923, 0.0008650309239589965)",Spline
WBC,4.387092789692737e-05,ma_count_low,"(-4.888391411274741e-05, 0.00013662576990660215)",Linear
WBC,0.00011833483660961264,ma_count_low,"(-3.399617169442989e-05, 0.00027066584491365517)",Discretized
WBC,0.001365909024165446,ma_count_low,"(0.0008486932190013023, 0.0018831248293295895)",Spline
WBC,4.515903536683741e-05,ma_count_medium,"(-4.8947596164891044e-05, 0.00013926566689856585)",Linear
WBC,5.6823558560403775e-05,ma_count_medium,"(-4.873892058331378e-05, 0.00016238603770412133)",Discretized
WBC,0.0003454444382224864,ma_count_medium,"(8.520579637214676e-05, 0.0006056830800728261)",Spline
WBC,5.488669935715951e-05,ma_count_high,"(-4.886120794417527e-05, 0.00015863460665849427)",Linear
WBC,6.343114764728597e-05,ma_count_high,"(-4.80997549396588e-05, 0.00017496205023423075)",Discretized
WBC,0.0003164046515797825,ma_count_high,"(6.734096096885667e-05, 0.0005654683421907082)",Spline
WBC,2.9504259770662955e-05,ma_count_total,"(-4.6562280083523776e-05, 0.00010557079962484969)",Linear
WBC,1.4507671808328126e-07,ma_count_total,"(-5.188966576015946e-06, 5.4791200121825084e-06)",Discretized
WBC,0.0009757536256601584,ma_count_total,"(0.0005385177311000896, 0.0014129895202202273)",Spline
WBC,0.0006455407953493975,income,"(0.0002898445094096911, 0.0010012370812891038)",Linear
WBC,0.0006455407953492864,income,"(0.0002898445094096106, 0.0010012370812889622)",Discretized
WBC,0.0008310820111890882,income,"(0.0004275303815113572, 0.0012346336408668192)",Spline
Eosinophil,0.00017275530183014087,gen_dist,"(-1.142641272250161e-05, 0.00035693701638278336)",Linear
Eosinophil,0.00014018233226220644,gen_dist,"(-2.5732240869251618e-05, 0.0003060969053936645)",Discretized
Eosinophil,0.0009245234366431765,gen_dist,"(0.0004986049921759734, 0.0013504418811103795)",Spline
Eosinophil,3.9287805286836175e-07,townsend,"(-8.3912191878083e-06, 9.176975293545023e-06)",Linear
Eosinophil,7.1277979616368725e-06,townsend,"(-3.0287092535311732e-05, 4.454268845858548e-05)",Discretized
Eosinophil,0.00017159165979963031,townsend,"(-1.1968809552786872e-05, 0.0003551521291520475)",Spline
Eosinophil,9.641746809063712e-06,year_edu,"(-3.387376576148257e-05, 5.3157259379609994e-05)",Linear
Eosinophil,1.2566996815066567e-05,year_edu,"(-3.711297712479091e-05, 6.224697075492405e-05)",Discretized
Eosinophil,0.00031287301178817284,year_edu,"(6.502557204206202e-05, 0.0005607204515342837)",Spline
Eosinophil,4.24994545560331e-05,ma_count_low,"(-4.8859429292344864e-05, 0.00013385833840441107)",Linear
Eosinophil,9.461857437798038e-05,ma_count_low,"(-4.169402160712272e-05, 0.00023093117036308348)",Discretized
Eosinophil,0.00030424100395343157,ma_count_low,"(5.9835414753893934e-05, 0.0005486465931529692)",Spline
Eosinophil,1.3456792014032715e-08,ma_count_medium,"(-1.612238330972318e-06, 1.6391519150003834e-06)",Linear
Eosinophil,2.057106617847637e-05,ma_count_medium,"(-4.299016039630901e-05, 8.413229275326175e-05)",Discretized
Eosinophil,0.00018873305662969742,ma_count_medium,"(-3.7760753618770976e-06, 0.00038124218862127193)",Spline
Eosinophil,0.00016753739788677446,ma_count_high,"(-1.3841949676587429e-05, 0.00034891674545013636)",Linear
Eosinophil,6.427765587546652e-05,ma_count_high,"(-4.807527154461617e-05, 0.00017663058329554923)",Discretized
Eosinophil,0.00027780850906933274,ma_count_high,"(4.425802386190061e-05, 0.0005113589942767648)",Spline
Eosinophil,2.8532253210089564e-06,ma_count_total,"(-2.081881821854305e-05, 2.6525268860560962e-05)",Linear
Eosinophil,5.815888373561506e-06,ma_count_total,"(-2.7980874454334287e-05, 3.96126512014573e-05)",Discretized
Eosinophil,0.00019593287878194587,ma_count_total,"(-2.1311626893682676e-07, 0.0003920788738328286)",Spline
Eosinophil,3.3170566039575355e-05,income,"(-4.754133453536733e-05, 0.00011388246661451804)",Linear
Eosinophil,3.3170566039575355e-05,income,"(-4.754133453536733e-05, 0.00011388246661451804)",Discretized
Eosinophil,0.00016730161406397492,income,"(-1.3950077785596663e-05, 0.0003485533059135465)",Spline
Triglycerides,4.737542843336051e-05,gen_dist,"(-4.982253340053691e-05, 0.00014457339026725794)",Linear
Triglycerides,2.0295003738013406e-05,gen_dist,"(-4.3323145623910396e-05, 8.391315309993721e-05)",Discretized
Triglycerides,0.0016610275774580074,gen_dist,"(0.0010859607652317423, 0.002236094389684273)",Spline
Triglycerides,0.0004363525026349624,townsend,"(0.0001414252991758413, 0.0007312797060940834)",Linear
Triglycerides,0.0004214973991428783,townsend,"(0.00013163173525790144, 0.0007113630630278552)",Discretized
Triglycerides,0.0012808218367206248,townsend,"(0.000775745610273351, 0.0017858980631678986)",Spline
Triglycerides,0.000492504279044903,year_edu,"(0.00017918371302351433, 0.0008058248450662917)",Linear
Triglycerides,0.0004798775610724837,year_edu,"(0.00017059754232010466, 0.0007891575798248628)",Discretized
Triglycerides,0.000936316801773529,year_edu,"(0.0005044012267573317, 0.0013682323767897264)",Spline
Triglycerides,0.00010294092028795276,ma_count_low,"(-4.0331480855489816e-05, 0.00024621332143139534)",Linear
Triglycerides,0.00015909765190491587,ma_count_low,"(-1.9012307759621878e-05, 0.0003372076115694536)",Discretized
Triglycerides,0.0008690549813005211,ma_count_low,"(0.00045292816638285027, 0.001285181796218192)",Spline
Triglycerides,1.9086202159068755e-05,ma_count_medium,"(-4.260830309595222e-05, 8.078070741408973e-05)",Linear
Triglycerides,2.1054290780364582e-05,ma_count_medium,"(-4.374296403661271e-05, 8.585154559734187e-05)",Discretized
Triglycerides,0.0012795215388574643,ma_count_medium,"(0.0007747014270616659, 0.0017843416506532627)",Spline
Triglycerides,9.929399303965081e-05,ma_count_high,"(-4.141789687035698e-05, 0.0002400058829496586)",Linear
Triglycerides,2.5289511954795785e-05,ma_count_high,"(-4.572638932733982e-05, 9.630541323693139e-05)",Discretized
Triglycerides,0.0006784636959820123,ma_count_high,"(0.0003107525442731819, 0.0010461748476908426)",Spline
Triglycerides,7.25580337448406e-05,ma_count_total,"(-4.772873729909378e-05, 0.00019284480478877497)",Linear
Triglycerides,8.944165088942135e-05,ma_count_total,"(-4.410756765833862e-05, 0.00022299086943718133)",Discretized
Triglycerides,0.0006043122644036059,ma_count_total,"(0.0002572636535484447, 0.000951360875258767)",Spline
Triglycerides,0.00024880391458648177,income,"(2.608072297421795e-05, 0.00047152710619874556)",Linear
Triglycerides,0.00024880391458648177,income,"(2.608072297421795e-05, 0.00047152710619874556)",Discretized
Triglycerides,0.0004348223201108281,income,"(0.00014041246458224, 0.0007292321756394162)",Spline
Cystatin_C,2.3296022255925308e-05,gen_dist,"(-4.4837002350327335e-05, 9.142904686217795e-05)",Linear
Cystatin_C,1.0259909443144366e-05,gen_dist,"(-3.4956011119705514e-05, 5.5475830005994246e-05)",Discretized
Cystatin_C,0.0002757657368264166,gen_dist,"(4.13795012924817e-05, 0.0005101519723603514)",Spline
Cystatin_C,0.0004639133818780117,townsend,"(0.0001599372176189485, 0.0007678895461370749)",Linear
Cystatin_C,0.0003634227771165399,townsend,"(9.436287362129186e-05, 0.000632482680611788)",Discretized
Cystatin_C,0.0031934500999148963,townsend,"(0.0023970022393247446, 0.003989897960505048)",Spline
Cystatin_C,0.0006213046783093423,year_edu,"(0.0002695505552571414, 0.0009730588013615433)",Linear
Cystatin_C,0.000576587237622217,year_edu,"(0.00023772036582566086, 0.0009154541094187731)",Discretized
Cystatin_C,0.0013646151427543218,year_edu,"(0.0008435039400142052, 0.0018857263454944385)",Spline
Cystatin_C,4.594514975020392e-05,ma_count_low,"(-4.973717087498295e-05, 0.00014162747037539078)",Linear
Cystatin_C,3.065266911905784e-05,ma_count_low,"(-4.7500993127537865e-05, 0.00010880633136565355)",Discretized
Cystatin_C,0.00033999279111218694,ma_count_low,"(7.97475152611131e-05, 0.0006002380669632608)",Spline
Cystatin_C,9.432819207955134e-06,ma_count_medium,"(-3.392231633819282e-05, 5.278795475410309e-05)",Linear
Cystatin_C,1.1055457445618977e-05,ma_count_medium,"(-3.588072888004201e-05, 5.7991643771279965e-05)",Discretized
Cystatin_C,0.00041507961716547026,ma_count_medium,"(0.00012754019678290084, 0.0007026190375480397)",Spline
Cystatin_C,4.2754420293000805e-06,ma_count_high,"(-2.4913034238708284e-05, 3.346391829730845e-05)",Linear
Cystatin_C,2.3929696867375227e-05,ma_count_high,"(-4.5123731220948694e-05, 9.298312495569915e-05)",Discretized
Cystatin_C,0.0005215030710934432,ma_count_high,"(0.00019922036324435902, 0.0008437857789425273)",Spline
Cystatin_C,3.4212783582843187e-06,ma_count_total,"(-2.268922856299126e-05, 2.9531785279559897e-05)",Linear
Cystatin_C,8.299621856444617e-08,ma_count_total,"(-3.983786563184879e-06, 4.149779000313771e-06)",Discretized
Cystatin_C,0.00013319982415083143,ma_count_total,"(-2.9709049562860783e-05, 0.00029610869786452366)",Spline
Cystatin_C,0.0005012822292220775,income,"(0.00018530621508864442, 0.0008172582433555106)",Linear
Cystatin_C,0.0005012822292220775,income,"(0.00018530621508864442, 0.0008172582433555106)",Discretized
Cystatin_C,0.0006655435475726446,income,"(0.00030148979591720806, 0.001029597299228081)",Spline
MCH,0.0010610382283128272,gen_dist,"(0.0006051139718516296, 0.001516962484774025)",Linear
MCH,0.0008794745459180797,gen_dist,"(0.000464350123490069, 0.0012945989683460905)",Discretized
MCH,0.00146760617656283,gen_dist,"(0.0009315089612482305, 0.0020037033918774297)",Spline
MCH,0.0013177545071524355,townsend,"(0.0008097253640221536, 0.0018257836502827173)",Linear
MCH,0.0013065004781749323,townsend,"(0.0008006424990872487, 0.0018123584572626158)",Discretized
MCH,0.0028574636117935093,townsend,"(0.00210993695813601, 0.0036049902654510086)",Spline
MCH,1.9930423678093945e-06,year_edu,"(-1.7777361418235993e-05, 2.176344615385478e-05)",Linear
MCH,1.3349679827134864e-06,year_edu,"(-1.4845565694169545e-05, 1.7515501659596517e-05)",Discretized
MCH,0.00020047818309543164,year_edu,"(2.2124191094000426e-06, 0.00039874394708146324)",Spline
MCH,5.431452067328202e-06,ma_count_low,"(-2.7205868923541384e-05, 3.806877305819779e-05)",Linear
MCH,7.264599747092149e-06,ma_count_low,"(-3.0480621447243552e-05, 4.500982094142785e-05)",Discretized
MCH,0.00024125716124090424,ma_count_low,"(2.3764093682768287e-05, 0.0004587502287990402)",Spline
MCH,0.00014820724322128775,ma_count_medium,"(-2.2267574993156463e-05, 0.00031868206143573197)",Linear
MCH,0.00010188089912865905,ma_count_medium,"(-3.946459450112922e-05, 0.00024322639275844733)",Discretized
MCH,0.00021683977574804558,ma_count_medium,"(1.0643845086048625e-05, 0.00042303570641004254)",Spline
MCH,2.7262059362986868e-05,ma_count_high,"(-4.5857087622691036e-05, 0.00010038120634866477)",Linear
MCH,2.4144932726288815e-05,ma_count_high,"(-4.4667270518149776e-05, 9.29571359707274e-05)",Discretized
MCH,0.0006641380221178439,ma_count_high,"(0.0003033578883889727, 0.001024918155846715)",Spline
MCH,6.0099508243594e-05,ma_count_total,"(-4.846306155816906e-05, 0.00016866207804535705)",Linear
MCH,4.711008393609717e-05,ma_count_total,"(-4.9007847464770804e-05, 0.00014322801533696514)",Discretized
MCH,0.0005792437061111766,ma_count_total,"(0.00024229596377085437, 0.0009161914484514988)",Spline
MCH,6.892976610950452e-05,income,"(-4.733446949868367e-05, 0.0001851940017176927)",Linear
MCH,6.892976610950452e-05,income,"(-4.733446949868367e-05, 0.0001851940017176927)",Discretized
MCH,0.0004616520486666609,income,"(0.00016082642856607177, 0.00076247766876725)",Spline
RBC,0.003989154256255789,gen_dist,"(0.0031064196442938644, 0.004871888868217714)",Linear
RBC,0.003234076768224181,gen_dist,"(0.0024389626589548822, 0.00402919087749348)",Discretized
RBC,0.005963931783240062,gen_dist,"(0.00488566776823731, 0.007042195798242813)",Spline
RBC,0.002617600479644544,townsend,"(0.0019020500654173935, 0.0033331508938716945)",Linear
RBC,0.002493070738663783,townsend,"(0.0017947049309981723, 0.003191436546329394)",Discretized
RBC,0.0033751216572747156,townsend,"(0.0025629117465211276, 0.004187331568028303)",Spline
RBC,0.0003564181961951407,year_edu,"(9.207981163972441e-05, 0.000620756580750557)",Linear
RBC,0.0003568859400544522,year_edu,"(9.237422259197723e-05, 0.0006213976575169271)",Discretized
RBC,0.000894690123894204,year_edu,"(0.00047599330444690624, 0.0013133869433415019)",Spline
RBC,5.305714476699919e-05,ma_count_low,"(-4.894707132581531e-05, 0.00015506136085981367)",Linear
RBC,5.358569672153646e-05,ma_count_low,"(-4.892531298497814e-05, 0.00015609670642805106)",Discretized
RBC,0.00028789127521722246,ma_count_low,"(5.0311517804743134e-05, 0.0005254710326297018)",Spline
RBC,0.00038985793128265556,ma_count_medium,"(0.00011340180362839897, 0.0006663140589369121)",Linear
RBC,0.0002639034023125264,ma_count_medium,"(3.6434051677248564e-05, 0.0004913727529478043)",Discretized
RBC,0.0008011880390230708,ma_count_medium,"(0.0004049548136448521, 0.0011974212644012894)",Spline
RBC,0.00045723893273130756,ma_count_high,"(0.00015785396050201978, 0.0007566239049605953)",Linear
RBC,0.0004314619080291182,ma_count_high,"(0.000140634571791408, 0.0007222892442668284)",Discretized
RBC,0.0009000047189222649,ma_count_high,"(0.0004800672963440517, 0.001319942141500478)",Spline
RBC,4.50764834798445e-05,ma_count_total,"(-4.894409790695602e-05, 0.00013909706486664501)",Linear
RBC,8.938841617978088e-05,ma_count_total,"(-4.300881916980724e-05, 0.000221785651529369)",Discretized
RBC,0.0002983822429440952,ma_count_total,"(5.651369841673287e-05, 0.0005402507874714575)",Spline
RBC,0.001729159655976198,income,"(0.0011473251864973306, 0.002310994125455065)",Linear
RBC,0.001729159655976198,income,"(0.0011473251864973306, 0.002310994125455065)",Discretized
RBC,0.002239499334024453,income,"(0.0015775171079320978, 0.002901481560116808)",Spline
Body_Fat_Perc,6.910352896083438e-05,gen_dist,"(-4.68404652964931e-05, 0.00018504752321816186)",Linear
Body_Fat_Perc,8.077326538846741e-05,gen_dist,"(-4.4578204350026625e-05, 0.00020612473512696144)",Discretized
Body_Fat_Perc,0.0011216106031678441,gen_dist,"(0.000654746467952253, 0.0015884747383834352)",Spline
Body_Fat_Perc,0.004241082487899561,townsend,"(0.0033346642974202145, 0.005147500678378908)",Linear
Body_Fat_Perc,0.0038730429309139502,townsend,"(0.0030066864018567516, 0.004739399459971149)",Discretized
Body_Fat_Perc,0.0047694152924190325,townsend,"(0.003808450276094193, 0.005730380308743872)",Spline
Body_Fat_Perc,0.00012014177514430013,year_edu,"(-3.2732384566782144e-05, 0.0002730159348553824)",Linear
Body_Fat_Perc,0.00012673155265485736,year_edu,"(-3.0278698154622585e-05, 0.0002837418034643373)",Discretized
Body_Fat_Perc,0.00028189460328686966,year_edu,"(4.77439842931266e-05, 0.0005160452222806127)",Spline
Body_Fat_Perc,3.325622549565921e-07,ma_count_low,"(-7.711020911903158e-06, 8.376145421816342e-06)",Linear
Body_Fat_Perc,6.020502856252108e-07,ma_count_low,"(-1.0220494789866331e-05, 1.1424595361116753e-05)",Discretized
Body_Fat_Perc,0.00043590309743402056,ma_count_low,"(0.00014475533793506697, 0.0007270508569329742)",Spline
Body_Fat_Perc,5.456477003895621e-06,ma_count_medium,"(-2.7124802114674668e-05, 3.803775612246591e-05)",Linear
Body_Fat_Perc,3.923330786914647e-07,ma_count_medium,"(-8.344228223452952e-06, 9.128894380835881e-06)",Discretized
Body_Fat_Perc,0.0005397045822543856,ma_count_medium,"(0.00021575757184915713, 0.000863651592659614)",Spline
Body_Fat_Perc,2.7771025479239597e-09,ma_count_high,"(-7.322597409479154e-07, 7.378139460437634e-07)",Linear
Body_Fat_Perc,2.0347456975655653e-05,ma_count_high,"(-4.256893386607688e-05, 8.326384781738819e-05)",Discretized
Body_Fat_Perc,0.00015489626324194372,ma_count_high,"(-1.8683856323629922e-05, 0.00032847638280751736)",Spline
Body_Fat_Perc,1.0542565663795855e-06,ma_count_total,"(-1.3267163358294472e-05, 1.5375676491053643e-05)",Linear
Body_Fat_Perc,1.8491401068465585e-05,ma_count_total,"(-4.1486884055497796e-05, 7.846968619242897e-05)",Discretized
Body_Fat_Perc,0.0005537927399340559,ma_count_total,"(0.00022564721061755062, 0.0008819382692505612)",Spline
Body_Fat_Perc,0.001974952889428172,income,"(0.0013557082706685585, 0.0025941975081877856)",Linear
Body_Fat_Perc,0.001974952889428505,income,"(0.0013557082706688395, 0.0025941975081881707)",Discretized
Body_Fat_Perc,0.0022892140666902483,income,"(0.0016226242308844932, 0.002955803902496003)",Spline
BMI,4.263229081036268e-05,gen_dist,"(-4.7658688937567744e-05, 0.00013292327055829312)",Linear
BMI,8.416236090214024e-05,gen_dist,"(-4.269771498629734e-05, 0.00021102243679057783)",Discretized
BMI,0.0013033897226388813,gen_dist,"(0.0008044613262374952, 0.0018023181190402675)",Spline
BMI,0.004156284441384828,townsend,"(0.0032666071354277536, 0.005045961747341902)",Linear
BMI,0.004066271897984031,townsend,"(0.0031862414142318865, 0.004946302381736174)",Discretized
BMI,0.0046137773123309245,townsend,"(0.00367662880969086, 0.005550925814970989)",Spline
BMI,0.0008241867540379477,year_edu,"(0.00042734436090307806, 0.0012210291471728173)",Linear
BMI,0.0007958792422112504,year_edu,"(0.00040590584168556974, 0.001185852642736931)",Discretized
BMI,0.0009784224631642635,year_edu,"(0.0005460729939747404, 0.0014107719323537865)",Spline
BMI,2.8752256714392743e-06,ma_count_low,"(-2.05735208910163e-05, 2.6323972233894847e-05)",Linear
BMI,2.0780445493029376e-05,ma_count_low,"(-4.225824788458874e-05, 8.381913887064749e-05)",Discretized
BMI,0.00044307386696518236,ma_count_low,"(0.00015205166486691245, 0.0007340960690634523)",Spline
BMI,7.022243070309298e-05,ma_count_medium,"(-4.565716421396286e-05, 0.0001861020256201488)",Linear
BMI,9.063498952077698e-05,ma_count_medium,"(-4.1012490649863694e-05, 0.00022228246969141765)",Discretized
BMI,0.000799899655910985,ma_count_medium,"(0.00040894330010929624, 0.0011908560117126737)",Spline
BMI,1.72738312564924e-06,ma_count_high,"(-1.6447777165265153e-05, 1.9902543416563633e-05)",Linear
BMI,3.174189942978245e-05,ma_count_high,"(-4.61682166255569e-05, 0.0001096520154851218)",Discretized
BMI,0.0007053893463647709,ma_count_high,"(0.00033823767541399114, 0.0010725410173155507)",Spline
BMI,2.8815708996376976e-05,ma_count_total,"(-4.5416551523529415e-05, 0.00010304796951628337)",Linear
BMI,9.356857040510036e-06,ma_count_total,"(-3.2943813682300086e-05, 5.165752776332016e-05)",Discretized
BMI,0.00048187546847811014,ma_count_total,"(0.00017838361772390144, 0.0007853673192323189)",Spline
BMI,0.0027578362489352193,income,"(0.0020326178020747946, 0.003483054695795644)",Linear
BMI,0.0027578362489352193,income,"(0.0020326178020747946, 0.003483054695795644)",Discretized
BMI,0.00279109764636698,income,"(0.0020615311579035168, 0.0035206641348304434)",Spline
Weight,0.000359415960597409,gen_dist,"(9.732571110280353e-05, 0.0006215062100920145)",Linear
Weight,0.000476742158366239,gen_dist,"(0.00017490793800035948, 0.0007785763787321186)",Discretized
Weight,0.0019430029148072014,gen_dist,"(0.0013341047811314317, 0.002551901048482971)",Spline
Weight,0.0032031417200057977,townsend,"(0.002421834833435093, 0.003984448606576502)",Linear
Weight,0.0028821116559007987,townsend,"(0.002140871566613095, 0.0036233517451885024)",Discretized
Weight,0.0037809076018865406,townsend,"(0.002932302365243149, 0.004629512838529932)",Spline
Weight,0.000827235454597175,year_edu,"(0.0004297098483436307, 0.0012247610608507192)",Linear
Weight,0.0007978068667572336,year_edu,"(0.0004074104532055691, 0.0011882032803088981)",Discretized
Weight,0.0015039470871984761,year_edu,"(0.0009681261253109183, 0.002039768049086034)",Spline
Weight,7.097510323905709e-08,ma_count_low,"(-3.6127163465494325e-06, 3.7546665530275467e-06)",Linear
Weight,2.135452781271141e-07,ma_count_low,"(-6.17607699120069e-06, 6.603167547454918e-06)",Discretized
Weight,0.00018797377004953209,ma_count_low,"(-1.5824540451377773e-06, 0.00037752999414420195)",Spline
Weight,0.000353757068907834,ma_count_medium,"(9.373753380483843e-05, 0.0006137766040108295)",Linear
Weight,0.00026937164185769635,ma_count_medium,"(4.2464753365585524e-05, 0.0004962785303498072)",Discretized
Weight,0.0007861618455389241,ma_count_medium,"(0.0003986228169961532, 0.001173700874081695)",Spline
Weight,4.538215143679025e-07,ma_count_high,"(-8.860960303876256e-06, 9.76860333261206e-06)",Linear
Weight,7.380420121716469e-07,ma_count_high,"(-1.1140704830810602e-05, 1.2616788855153896e-05)",Discretized
Weight,0.00039233028779406265,ma_count_high,"(0.0001185066390117233, 0.000666153936576402)",Spline
Weight,0.0001287570833866658,ma_count_total,"(-2.8130238374191334e-05, 0.00028564440514752294)",Linear
Weight,0.00017385695333660411,ma_count_total,"(-8.443824441568007e-06, 0.0003561577311147762)",Discretized
Weight,0.0005193101076667039,ma_count_total,"(0.00020429539578924123, 0.0008343248195441667)",Spline
Weight,0.001771649732010272,income,"(0.001190170609488128, 0.0023531288545324157)",Linear
Weight,0.001771649732010272,income,"(0.001190170609488128, 0.0023531288545324157)",Discretized
Weight,0.0019786526800397164,income,"(0.0013642049499031526, 0.00259310041017628)",Spline
MCV,0.010237068926573278,gen_dist,"(0.008827419520944145, 0.011646718332202412)",Linear
MCV,0.008376974838266715,gen_dist,"(0.0071006106415295684, 0.009653339035003863)",Discretized
MCV,0.014707182766297566,gen_dist,"(0.013021386414119493, 0.016392979118475638)",Spline
MCV,0.00452452808393744,townsend,"(0.003584675731947476, 0.005464380435927405)",Linear
MCV,0.004286592189023608,townsend,"(0.003371676724603501, 0.005201507653443715)",Discretized
MCV,0.005273227369600675,townsend,"(0.004258970731235055, 0.006287484007966295)",Spline
MCV,9.021493118099855e-07,year_edu,"(-1.2399231332916172e-05, 1.4203529956536143e-05)",Linear
MCV,2.3332675469500685e-07,year_edu,"(-6.531239055489221e-06, 6.997892564879235e-06)",Discretized
MCV,9.210907526735479e-05,year_edu,"(-4.228772081295938e-05, 0.00022650587134766896)",Spline
MCV,4.310330949619523e-05,ma_count_low,"(-4.8836511757046345e-05, 0.0001350431307494368)",Linear
MCV,6.221324055089017e-05,ma_count_low,"(-4.8241817557279974e-05, 0.00017266829865906033)",Discretized
MCV,0.0006038908841108359,ma_count_low,"(0.0002598533939522187, 0.0009479283742694531)",Spline
MCV,0.00035930642128700896,ma_count_medium,"(9.389955173385515e-05, 0.0006247132908401628)",Linear
MCV,0.00040445135239763896,ma_count_medium,"(0.0001228705712853914, 0.0006860321335098866)",Discretized
MCV,0.00123020212997893,ma_count_medium,"(0.000739318392577802, 0.0017210858673800582)",Spline
MCV,0.00023694432872145565,ma_count_high,"(2.1403569703554214e-05, 0.0004524850877393571)",Linear
MCV,9.673297486767485e-05,ma_count_high,"(-4.099557419522202e-05, 0.00023446152393057171)",Discretized
MCV,0.0007629062319499669,ma_count_high,"(0.0003762477320593977, 0.0011495647318405361)",Spline
MCV,0.00015826146183661738,ma_count_total,"(-1.790000762339725e-05, 0.000334422931296632)",Linear
MCV,8.081392470782323e-05,ma_count_total,"(-4.5073763058084594e-05, 0.00020670161247373105)",Discretized
MCV,0.0009088041893469123,ma_count_total,"(0.00048682072545622195, 0.0013307876532376026)",Spline
MCV,0.0016554387005107696,income,"(0.0010861212619601044, 0.0022247561390614347)",Linear
MCV,0.0016554387005107696,income,"(0.0010861212619601044, 0.0022247561390614347)",Discretized
MCV,0.002049010542381935,income,"(0.001415747111323542, 0.002682273973440328)",Spline
Platelet,0.0007027049541385999,gen_dist,"(0.000331604427870164, 0.001073805480407036)",Linear
Platelet,0.0007621874066570111,gen_dist,"(0.000375710969315451, 0.0011486638439985712)",Discretized
Platelet,0.001440725568463419,gen_dist,"(0.0009095534589280322, 0.0019718976779988058)",Spline
Platelet,0.000536302926951171,townsend,"(0.00021207807375111208, 0.0008605277801512299)",Linear
Platelet,0.000679134891086175,townsend,"(0.0003143068545354991, 0.0010439629276368509)",Discretized
Platelet,0.0014040583027483677,townsend,"(0.0008796794416095032, 0.0019284371638872322)",Spline
Platelet,0.0005034085308641689,year_edu,"(0.00018927908312450922, 0.0008175379786038286)",Linear
Platelet,0.0004945435465411041,year_edu,"(0.00018319090060343548, 0.0008058961924787727)",Discretized
Platelet,0.0005422701589926637,year_edu,"(0.0002162475074573019, 0.0008682928105280256)",Spline
Platelet,0.00019366395468534137,ma_count_low,"(-1.2038295498583524e-06, 0.0003885317389205411)",Linear
Platelet,0.00021532320111650183,ma_count_low,"(9.849445679661504e-06, 0.00042079695655334215)",Discretized
Platelet,0.00047386178690100866,ma_count_low,"(0.00016908588272359487, 0.0007786376910784225)",Spline
Platelet,7.98028896370484e-05,ma_count_medium,"(-4.52949142398702e-05, 0.000204900693513967)",Linear
Platelet,1.2159205939554774e-05,ma_count_medium,"(-3.667314952983888e-05, 6.099156140894843e-05)",Discretized
Platelet,0.00042309398783924035,ma_count_medium,"(0.0001350994568945578, 0.0007110885187839228)",Spline
Platelet,7.230371259725477e-05,ma_count_high,"(-4.677175739735457e-05, 0.00019137918259186409)",Linear
Platelet,7.223181934823408e-05,ma_count_high,"(-4.678444045861555e-05, 0.00019124807915508373)",Discretized
Platelet,0.0004782787726457238,ma_count_high,"(0.00017208639306169257, 0.0007844711522297551)",Spline
Platelet,0.00032651101123659654,ma_count_total,"(7.350216272583739e-05, 0.0005795198597473557)",Linear
Platelet,0.00020490766872272026,ma_count_total,"(4.464013826734276e-06, 0.00040535132361870624)",Discretized
Platelet,0.0006239265641838632,ma_count_total,"(0.0002742319700748926, 0.0009736211582928337)",Spline
Platelet,0.0009250371628893861,income,"(0.0004993051239488887, 0.0013507692018298835)",Linear
Platelet,0.0009250371628893861,income,"(0.0004993051239488887, 0.0013507692018298835)",Discretized
Platelet,0.0010752002299091457,income,"(0.0006162466322697579, 0.0015341538275485335)",Spline
Height,0.002700967161842649,gen_dist,"(0.001983708567982165, 0.003418225755703133)",Linear
Height,0.002507552892514253,gen_dist,"(0.0018163854560300854, 0.003198720328998421)",Discretized
Height,0.0031240965385497255,gen_dist,"(0.0023528625133215648, 0.003895330563777886)",Spline
Height,0.001504069129176222,townsend,"(0.0009685062620156098, 0.0020396319963368343)",Linear
Height,0.0011839934281255848,townsend,"(0.0007087448763112359, 0.0016592419799399338)",Discretized
Height,0.0023228001709315604,townsend,"(0.0016575203392321116, 0.0029880800026310093)",Spline
Height,7.576355619764996e-06,year_edu,"(-3.0462893890868227e-05, 4.561560513039822e-05)",Linear
Height,2.5683405671106385e-06,year_edu,"(-1.9579386224767876e-05, 2.4716067358989153e-05)",Discretized
Height,0.0004959891770565106,year_edu,"(0.00018828614196341365, 0.0008036922121496075)",Spline
Height,2.7441600449762404e-06,ma_count_low,"(-2.0149094227054138e-05, 2.563741431700662e-05)",Linear
Height,4.37900809302505e-06,ma_count_low,"(-2.454046210781081e-05, 3.329847829386091e-05)",Discretized
Height,0.0004273881634464516,ma_count_low,"(0.0001417463191127312, 0.000713030007780172)",Spline
Height,0.0001826045955926059,ma_count_medium,"(-4.1277727195634755e-06, 0.0003693369639047753)",Linear
Height,0.00014553228041380706,ma_count_medium,"(-2.117381228986445e-05, 0.0003122383731174786)",Discretized
Height,0.0008084072510170515,ma_count_medium,"(0.0004156331030278013, 0.0012011813990063017)",Spline
Height,5.225906277606107e-06,ma_count_high,"(-2.636652744460613e-05, 3.6818339999818344e-05)",Linear
Height,2.7520920244938907e-06,ma_count_high,"(-2.0174224694861706e-05, 2.5678408743849487e-05)",Discretized
Height,0.0005899430874587441,ma_count_high,"(0.0002543752527897701, 0.0009255109221277182)",Spline
Height,0.00010473906210783923,ma_count_total,"(-3.6688809250500865e-05, 0.00024616693346617933)",Linear
Height,8.168372469719021e-05,ma_count_total,"(-4.3213686835793976e-05, 0.0002065811362301744)",Discretized
Height,0.00036938418456899935,ma_count_total,"(0.00010382438490184306, 0.0006349439842361557)",Spline
Height,1.3497560739539338e-05,income,"(-3.7274889630653307e-05, 6.427001110973198e-05)",Linear
Height,1.3497560739539338e-05,income,"(-3.7274889630653307e-05, 6.427001110973198e-05)",Discretized
Height,0.0001724574830737069,income,"(-9.013411174705737e-06, 0.0003539283773221195)",Spline
